[  {    "type": "get",    "url": "/api/categories/[?page=:number]",    "title": "Возвращает список категорий",    "name": "getCategories",    "group": "Categories",    "version": "0.0.2",    "parameter": {      "fields": {        "Parameter": [          {            "group": "Parameter",            "type": "Number",            "size": "1-99",            "optional": false,            "field": "page",            "defaultValue": "1",            "description": "<p>Номер страницы для пагирации</p>"          }        ]      },      "examples": [        {          "title": "Request-Example:",          "content": "{\n  \"page\": 2\n}",          "type": "json"        }      ]    },    "filename": "api/categories/index.js",    "groupTitle": "Categories"  },  {    "type": "get",    "url": "/api/categories/[?page=:number]",    "title": "Возвращает список категорий",    "name": "getCategories",    "group": "Categories",    "parameter": {      "fields": {        "Parameter": [          {            "group": "Parameter",            "type": "Number",            "size": "1-999999",            "optional": false,            "field": "page",            "defaultValue": "1",            "description": "<p>Номер страницы для пагирации</p>"          }        ]      }    },    "version": "0.0.0",    "filename": "api/categories/_apidoc.js",    "groupTitle": "Categories"  },  {    "type": "get",    "url": "/api/users/profile",    "title": "Возвращает профиль пользователя",    "name": "getProfile",    "group": "Users",    "version": "0.0.0",    "filename": "api/user/index.js",    "groupTitle": "Users"  },  {    "type": "put",    "url": "/api/users/profile",    "title": "Обновить профиль пользователя",    "name": "updateProfile",    "group": "Users",    "parameter": {      "fields": {        "Parameter": [          {            "group": "Parameter",            "type": "String",            "optional": false,            "field": "email",            "description": "<p>Email пользователя</p>"          },          {            "group": "Parameter",            "type": "String",            "optional": false,            "field": "name",            "description": "<p>Имя пользователя</p>"          },          {            "group": "Parameter",            "type": "String",            "optional": false,            "field": "surname",            "description": "<p>Фамилия пользователя</p>"          }        ]      },      "examples": [        {          "title": "Request-Example:",          "content": "{\n    \"email\": \"test@test.com\",\n    \"name\": \"Test\",\n    \"surname\": \"Test\"\n}",          "type": "json"        },        {          "title": "Request-Example 2:",          "content": "{\n    \"email\": \"test2@test.com\",\n    \"name\": \"Test2\",\n    \"surname\": \"Test2\"\n}",          "type": "json"        }      ]    },    "success": {      "fields": {        "Success 200": [          {            "group": "Success 200",            "type": "Boolean",            "optional": false,            "field": "error",            "description": "<p>Успешность ответа</p>"          }        ]      },      "examples": [        {          "title": "Response:",          "content": "{\n    \"email\": \"test@test.com\",\n    \"name\": \"Test\",\n    \"surname\": \"Test\"\n}",          "type": "json"        }      ]    },    "version": "0.0.0",    "filename": "api/user/index.js",    "groupTitle": "Users"  }]
